{"cameraMode":{"drawMode":0,"name":"Shaded","section":"Shading Mode"},"sceneLighting":false,"audioPlay":false,"sceneViewState":{"showFog":true,"showMaterialUpdate":false,"showSkybox":true,"showFlares":true,"showImageEffects":true,"showParticleSystems":true},"in2DMode":false,"pivot":{"x":8.31838607788086,"y":3.9622185230255129,"z":3.5362606048583986},"rotation":{"x":0.08267544955015183,"y":-0.027801502496004106,"z":0.0023032177705317737,"w":0.9962116479873657},"size":11.244378089904786,"orthographic":true}